Date,Character,ImageResource,ImageLink,Text
2020-02-16,Endless,2-16.jpg,https://experiments.withgoogle.com/ai/ai-duet/view/,"Play a duet with the computer through your browser. Just play some notes, and the computer will respond to your melody. You don‚Äôt even have to know how to play piano‚Äîit‚Äôs fun to just press some keys and listen to what comes back. You can click the keyboard, use your computer keys, or even plug in a MIDI keyboard. It's just one example of how machine learning can inspire people to be creative in new ways."
2020-02-13,Endless,2-13.jpg,http://ow.ly/nRmn50vVfo6,"Tanmay Bakshi was curious about programming at an early age since his father worked as a Programmer. At the age of 7, Bakshi setup a YouTube channel where he posted tutorials on coding and web development. By the age of eight, he taught himself how to develop iOS apps and published his first app at the age of nine. Now he's partnering with IBM Watson on deep learning. We can't wait to see what he'll do next!"
2020-02-08,Endless,2.8.jpg,https://semiconductor.withgoogle.com,"Conduct your own virtual orchestra in the browser by moving your arms. You can move your arms to change the tempo, volume, and instrumentation of a piece of music. It uses PoseNet, a machine learning library that works in the browser, to map out your movements through your webcam. An algorithm plays along to the score as you conduct, using hundreds of tiny audio files from live recorded instruments."
2020-02-11,Endless,,,"Hack protip: Use the fn + any arrow key to quickly jump to different parts of the browser page; arrow up to page up, arrow down to page down, left to go home, and right to go to the end."
2020-02-06,Endless,2-6.jpg,http://ow.ly/LNSo50xy06o,"Hannah Laird, 8 years old and the youngest of all competitors, won an international coding challenge. Way to go!"
2020-02-04,Endless,,,"Hack protip: Easily take a full screenshot on your Hack computer by pressing the ""prt sc"". Hold shift + ""prt sc"" and drag around the area you want for a shot of smaller area. "
2020-02-01,Endless,2-1.png,https://quickdraw.withgoogle.com,"Can you stump an AI? Draw a picture in 20 seconds and the AI will try to guess what it is. It won't always work, but the more you play with it, the more it will learn."
2020-01-30,Endless,1-30.jpg,http://bit.ly/2ZnDu8K,"At the age of 8, Zara Khanna, built a chatbot called Octa to help kids find fun things to do when they travel. Now founder of her own company, she has big plans to change the travel industry. Check out her story by clicking on the picture."
2020-01-28,Endless,1-28.jpg,,Hack Protip: Quickly search for an app on your Hack by pressing the Hack (Windows) button and typing what you're looking for.
2020-01-25,Endless,1-25.jpg,https://onlinesequencer.net/#1072323,Make sweet music with a few simple clicks and share it with your friends using this online sequencer. You can also listen to music created by the community. Click on the image to listen to one of our favorite creations.
2020-01-23,Endless,1-23.jpg,https://tcrn.ch/2YHreiQ,"When he was 12-year-old, Thomas Suarez built a whack-a-mole mobile app called ""Bustin Jeiber"". Now he's 20 years old and an augmented reality software and electronics engineer. Click on the picture to check out his story."
2020-01-21,Endless,1-21.jpg,,"Hack protip: Maximize your desktop space and snap your browser window like a pro. Press and hold the Hack (Windows) button and press the left or right arrow to snap to the side, up for full-screen, and down for a smaller window."
2020-01-18,Endless,1-18.jpg,https://paperio3.com/,"Need a coding break? Check out Paperio3 for a quick multiplayer online game.
You are born in a random field in the paper-io, move your mouse to get more space for yourself,
but don't get caught by other players, because they want to kill you."
2020-01-16,Endless,brittany.jpg,http://bit.ly/2lxNdcz,"Brittany Wenger, taught herself to code in middle school. At 15, her cousin was diagnosed with breast cancer so she created Cloud4Cancer, an AI breast cancer app that took first place in the 2012 Google Science Fair. Brittany successfully trained the network to have a 99.11% accuracy rate in determining whether a sample of breast tissue is malignant or benign. She is now studying at Duke University.

We can't wait to see what you'll do next! "
2020-01-11,Riley,,,@Faber psst
2020-01-11,Faber,,,@Riley what‚Äôs up
2020-01-11,Riley,,,@Faber wanna make a secret club
2020-01-11,Faber,,,@Riley totally
2020-01-11,Riley,,,@Faber sweeeet
2020-01-11,Faber,,,@Riley ok what‚Äôs the first step
2020-01-11,Riley,,,@Faber we gotta come up with a name
2020-01-11,Faber,,,@Riley how about ‚Äúthe dream team‚Äù
2020-01-11,Riley,,,@Faber ‚Äúhackers with attitudes‚Äù
2020-01-11,Faber,,,@Riley ‚Äúfrozen crew‚Äù
2020-01-11,Riley,,,@Faber wat
2020-01-11,Faber,,,"@Riley we‚Äôre so cool, we‚Äôre frozen XD"
2020-01-11,Riley,,,"@Faber lol nice, how about ‚Äúinternational network of hackers‚Äù"
2020-01-11,Faber,,,@Riley maybe‚Ä¶ fairlight?
2020-01-11,Riley,,,@Faber I think that one‚Äôs taken
2020-01-11,Faber,,,@Riley yeah probably
2020-01-11,Riley,,,"@Faber oh, I got one - ‚ÄúThe Explorers‚Äô Club‚Äù"
2020-01-11,Faber,,,"@Riley yeah, I like it! good acronym too, it‚Äôs very high tec :D"
2020-01-11,Riley,,,"@Faber lol didn‚Äôt catch that one, that‚Äôs good"
2020-01-11,Faber,,,@Riley guess our first meeting is over then
2020-01-11,Riley,,,@Faber yep
2020-01-11,Faber,,,@Riley uh oh
2020-01-11,Riley,,,@Faber what?
2020-01-11,Faber,,,@Riley this was totally not a private message
2020-01-11,Riley,,,@Faber ‚Ä¶
2020-01-11,Riley,,,"uh, everything is normal and fine"
2020-01-11,Faber,,,"@Riley nice, nobody will suspect anything"
2020-01-11,Riley,,,@Faber excellent
2020-01-09,Endless,paxton.jpg,https://bit.ly/2WsYZFP,"Baltimore Third Grader, Paxton Summers, wins NASA's and Tynker's ""Mission Design Patch Challenge"" coding contest. Nice work!"
2020-01-07,Endless,2020-01-07.jpg,http://bit.ly/2qKCoXe,Have you created something from the Art or Maker pathway? Send us a photo and we will feature our favorites in the newsfeed.
2020-01-06,Ada,,,"Hey everyone! We‚Äôre going to pull back the curtain for a minute here, because something really cool is happening!"
2020-01-06,Endless,,,"That‚Äôs right, Ada. Hack is coming to Pepcom! Pepcom is a mini-conference that showcases new and upcoming software and tech to the media!"
2020-01-06,Ada,,,"That‚Äôs pretty cool by itself, but what that means for YOU, our community, is that we‚Äôre going to be in front of a ton of journalists!"
2020-01-06,Endless,,,"Exactly, Ada. Expect to see articles about Hack and Endless coming out soon! If you‚Äôve got friends, family, or anyone else you want to share Hack with, this is your moment."
2020-01-06,Ada,,,Yep! We‚Äôre hoping to see the Hack community grow even more in the near future ‚Äì We‚Äôre rolling out content updates and expanding our reach every month!
2020-01-06,Riley,,,"wow that‚Äôs gonna be a lot more remote students, huh?"
2020-01-06,Saniel,,,"Indeed. I think we‚Äôll be able to cope, though ‚Äì We have a good, solid structure in place for them."
2020-01-06,Estelle,,,I can‚Äôt wait to meet more kids through Hack!
2020-01-06,Faber,,,this is gonna be so awesome!
2020-01-06,Endless,,,"From all of us here at Hack ‚Äì Thanks for sticking with us so far, and let‚Äôs keep learning about coding together. Hack the planet!"
2020-01-04,Endless,duggan.jpg,http://bit.ly/2me1JGB,"Ethan taught himself to code in about three months during the summer, published over 3 apps, spoke at SXSW, and just won a 10k scholarship from Amazon. Way to go, Ethan!"
2020-01-02,Ada,,,"Ahhh, I always get such a feeling of freedom every New Year!"
2020-01-02,Saniel,,,A New Year is a momentous time. Many cultures throughout history have placed great significance on the end of the old year and the beginning of the new.
2020-01-02,Riley,,,staying up late is pretty cool
2020-01-02,Riley,,,but i just hang with my friends online lol
2020-01-02,Ada,,,New Years‚Äô seems to be a time when everyone in the world is doing the same thing at the same time ‚Äì Think about how rare that is!
2020-01-02,Estelle,,,@Ada Isn‚Äôt January 1st your birthday?
2020-01-02,Ada,,,"Oh! Yes, yes it is, Estelle. I just tend to wrap it up in all the other celebrations, there‚Äôs so much to celebrate!"
2020-01-02,Faber,,,"@Ada that‚Äôs an interesting birthday, bet there aren‚Äôt too many people who share that one with you."
2020-01-02,Riley,,,@Ada heh did your parents let you choose if it was jan 1st or december 31st?
2020-01-02,Ada,,,"@Riley I don‚Äôt recall having any choice in the matter, but then again I don‚Äôt recall what time I was born."
2020-01-02,Ada,,,"Anyway, it‚Äôs nice having a birthday today, I get to celebrate both the year and myself. We‚Äôre both starting another trip around the sun at the same time!"
2020-01-02,Faber,,,crazy to think of exactly WHAT a new year means ‚Äì just another swing around that lucky old sun of ours.
2020-01-02,Estelle,,,"@Faber You know, we‚Äôre not really even close to the same place we were a year ago, in terms of space. The entire galaxy has rotated in that time."
2020-01-02,Riley,,,woah
2020-01-02,Faber,,,"@Riley nuts, right?"
2020-01-02,Saniel,,,"And yet, it seems like we‚Äôve never moved at all. Perspective is everything."
2020-01-02,Estelle,,,@Saniel Exactly! This is the perfect time to try and find a new one on the coming 365 days.
2020-01-02,Ada,,,"Speaking of which, does everyone have New Years‚Äô resolutions?"
2020-01-02,Riley,,,@Ada eat more chocolate
2020-01-02,Riley,,,"ok no seriously, solve more mysteries. for real."
2020-01-02,Saniel,,,"@Ada I‚Äôm planning on examining my beliefs and personal truths, and cataloging them to find out which ones I think are most important."
2020-01-02,Estelle,,,"@Ada I‚Äôm going spend this year trying to make the Academy the best it can be. We‚Äôve got a great future here, I know it!"
2020-01-02,Faber,,,@Ada being the best friend I can be to all of you. that‚Äôs always been one of the most important things for me.
2020-01-02,Ada,,,"Wow, those are some pretty powerful resolutions! I have one of my own, too. This year‚Ä¶ I‚Äôm going to try to take more risks, and be more open to the powers of luck and coincidence."
2020-01-02,Faber,,,"@Ada grab life as it comes at you, and hold on tight! we‚Äôre all here to back you up."
2020-01-02,Ada,,,@Faber Thanks. It means a lot to me to have friends like all of you.
2019-12-28,Endless,project1.jpg,,Hacking for the holidays? Share your favorite holiday hacks on social media by tagging your post with #MadeToHack. We'll share our favs in our newsletter.
2019-12-26,Endless,coderb2.jpeg,http://ow.ly/PZ7R50v1cur,"Samaira started coding at 6 and at the age of 8, she created a game to teach kids to code. Now a CEO of her own company, there's nothing she can't accomplish."
2019-12-25,Endless,hacky_holidays.jpg,,From all of us at Endless - We hope you have a Happy Holidays!
2019-12-24,Ada,,,"Hey everyone at The Academy! I want to wish you all a Merry Christmas, and any other holiday you‚Äôd like to celebrate as we come to the end of the year!"
2019-12-24,Faber,,,"@Ada man, I love the end of the year, so many great times and parties to throw."
2019-12-24,Riley,,,@Ada oh heck yes christmas break here I come
2019-12-24,Saniel,,,"@Ada Have a Happy Holidays, Ada."
2019-12-24,Estelle,,,"@Ada Have a great time with your vacation! Are you planning a trip, or anything?"
2019-12-24,Ada,,,"@Estelle Oh, no, I‚Äôm not a big fan of traveling. But I do have a large backlog of research journals to catch up on, so I‚Äôm looking forward to getting a lot of uninterrupted reading time."
2019-12-24,Riley,,,"@Ada bwahhh spending your entire vacation reading journals, dang"
2019-12-24,Ada,,,"@Riley Research journals are quite relaxing for me, much like your favorite graphic novels, Riley."
2019-12-24,Riley,,,"@Ada nah I wasn‚Äôt trying to say they were bad, it just sounds like work to me when you‚Äôre supposed to be on vaycay"
2019-12-24,Faber,,,"sometimes ‚Äòwork‚Äô can be pretty relaxing. remember when we built that little bugbot, @Riley?"
2019-12-24,Riley,,,@Faber oh yeah that was great
2019-12-24,Faber,,,"@Riley yeah, and we were really going hard on that for 2 weeks, at least an hour a day every day. didn‚Äôt feel like work, did it?"
2019-12-24,Riley,,,@Faber except when we were soldering those tiny sensors‚Ä¶ ugh
2019-12-24,Estelle,,,"@Riley Highly skillful effort can be just as rewarding as leisure, Riley. The more experienced you are, the more a problem seems like an opportunity to learn and improve."
2019-12-24,Riley,,,@Estelle and I guess thats why you‚Äôre always doing orbital calculations lol
2019-12-24,Estelle,,,"@Riley Well, that and curiosity!"
2019-12-24,Ada,,,It‚Äôs so nice to have some time to yourself. What‚Äôs everyone‚Äôs favorite holiday drink?
2019-12-24,Faber,,,"@Ada glogg! it‚Äôs Swedish and boy, it is good!"
2019-12-24,Riley,,,"@Ada uhhhh hot chocolate, of course"
2019-12-24,Saniel,,,@Ada I personally prefer a nice mulled wine. Quite soothing.
2019-12-24,Estelle,,,"@Ada Cafe Borgia, for me. I know it‚Äôs not strictly holiday, but it reminds me of pomanders, one of my favorite holiday decorations."
2019-12-24,Riley,,,@Estelle po-what-ders?
2019-12-24,Estelle,,,@Riley Pomanders - Oranges with cloves stuck in them. They smell wonderful!
2019-12-24,Riley,,,@Estelle i wonder how many weird holiday decos I could make by shoving random spices and stuff into fruits
2019-12-24,Ada,,,@Faber Hide the lemons!
2019-12-24,Faber,,,@Ada lemons? hide the grapefruit!
2019-12-24,Saniel,,,@Riley I suppose I can donate a few apples to becoming spice pincushions.
2019-12-24,Riley,,,@Saniel udabest
2019-12-24,Saniel,,,@Riley ‚Ä¶ is that a city? Like Budapest?
2019-12-24,Riley,,,@Saniel lol
2019-12-24,Estelle,,,@Saniel Haha!
2019-12-24,Faber,,,@Saniel XD
2019-12-24,Ada,,,"@Saniel Now there‚Äôs a true Christmas gift ‚Äì a joke from Saniel Rowe. Happy Holidays, everyone!"
2019-12-23,Endless,lego2.jpg,https://www.leocad.org/,Are you a Lego maniac? Create your own Lego design and built it in real life with this design application. Tag #MadeToHack on your designs and we'll like our favs. 
2019-12-22,Endless,kedar.jpg,http://bit.ly/2Yr0O49,"At the age of 7, Kedar Narayan is solving real-world problems with code. Check out his Ted talk as he explains how he invented Storibot, a code-based board game for the blind."
2019-12-19,Endless,hack-release.jpg,,"<b>Hack December Release</b>
Today, we proudly announce Hack's December Release! We hope you like it - let us know what you think on social media with #MadeToHack!

The following content has been added:

<b>Midnightmare Teddy:</b> Banish the nightmares from your bedroom, armed only with your trusty equation rifle and the knowledge of mathematics!
<a href='quest://T2Teddy'>Play Now!</a>

<b>Monster Smoothie, Parts 1-7:</b> In this 7-part quest, you'll learn how to create your very own complete Blender scene, including a spooky monster, a crazy old man, lighting effects, atmosphere, and more! Part 7 lets you dig into the actual files used to create the tutorial to see exactly how it was done.
<a href='quest://BlendMonster1'>Play Now!</a>

<b>Introduction to Processing, Parts 1-4:</b> Begin your journey into the world of Processing, a lightweight, art-focused programming language. In these quests, you'll learn how to draw shapes, use the mouse to move them, and even create a simple painter.
<a href='quest://P5JSIntro1'>Play Now!</a>

<b>The Inspector, Parts 1 and 2: </b>Let Ada introduce you to a hidden feature in every web browser - the Inspector. Pick apart and hack any webpage on the internet and learn how it's all put together!
<a href='quest://Inspector1'>Play Now!</a>

<b>Make A Poster: </b>Use you knowledge of CSS and HTML to make your very own ""wanted"" poster - then transform it into whatever you want... maybe a holiday greeting card?
<a href='quest://HolidayPoster'>Play Now!</a>

<b>Tension and Compression: </b>Learn about the principles of tension and compression, and why a well-designed building would actually work just as well suspended in the sky!
<a href='quest://MakerTension'>Play Now!</a>

<b>The Wobblin' Shell-Bash: </b>Saniel's got a challenge for you - Through the basics of shell-scripting, learn to control the impressive ""Wobbly Windows"" feature.
<a href='quest://WobblyBash'>Play Now!</a>

<b>Sidetrack 1 - Robots and Pits: </b>Place instructions in the correct order to help Riley get through the maze! You‚Äôll need to think carefully and plan out your moves, because when Felix arrives, things just get more complex...
<a href='quest://Sidetrack1'>Play Now!</a>"
2019-12-17,Saniel,,,"@Faber Hello, Faber. Is this how you send a private message?"
2019-12-17,Faber,,,"@Saniel yep. what‚Äôs up, doc?"
2019-12-17,Faber,,,@Saniel sorry! couldn‚Äôt resist XD
2019-12-17,Saniel,,,@Faber ‚Ä¶ Yes. I have a‚Ä¶ research question that I‚Äôd like another perspective on.
2019-12-17,Faber,,,@Saniel any time! hope the subject is something I can help with
2019-12-17,Saniel,,,@Faber I hope so. The subject is‚Ä¶ personal in nature.
2019-12-17,Faber,,,"@Saniel personal? like, related to your previous research?"
2019-12-17,Saniel,,,"@Faber ‚Ä¶ Er, no. Personal. As in, relating to aspects of my personal life. I‚Äôm asking for this advice in a strictly non-professional capacity."
2019-12-17,Faber,,,@Saniel want to make sure I got all this right
2019-12-17,Faber,,,@Saniel you want my opinion on a personal question
2019-12-17,Faber,,,@Sanilel about your personal life?
2019-12-17,Saniel,,,@Faber Yes.
2019-12-17,Faber,,,"@Saniel saniel rowe, are you asking me for dating advice???"
2019-12-17,Saniel,,,@Faber NO!
2019-12-17,Saniel,,,@Faber ‚Ä¶That‚Äôs not strictly correct. I need advice on a gift.
2019-12-17,Faber,,,@Saniel a gift?
2019-12-17,Saniel,,,"@Faber It‚Äôs the holidays very soon, Faber. Traditionally, the holidays are when close friends and family exchange gifts, to promote goodwill and happiness in the coming year... (1/5)"
2019-12-17,Faber,,,@Saniel I found my calendar last month so I did remember the end of the year is coming up‚Ä¶ sorry to cut you off
2019-12-17,Saniel,,,@Faber Well. Apologies. I‚Äôm rambling.
2019-12-17,Faber,,,"@Saniel nah man I get you, it‚Äôs a tough decision. who‚Äôs the present for?"
2019-12-17,Saniel,,,"@Faber Well, she‚Äôs a very‚Ä¶ formidable woman. Quite intelligent. Very driven. She has a mischievous streak, definitely. I was thinking that she might appreciate a bound edition of the last 5 issues of The Journal Of Computational Linguistics ‚Äì very handy."
2019-12-17,Faber,,,"@Saniel uh, please don‚Äôt take this the wrong way, but that‚Äôs a terrible present."
2019-12-17,Saniel,,,@Faber What? How could that be so terrible? It‚Äôs a massively important journal for the field!
2019-12-17,Faber,,,"@Saniel totally, I know it is, but that present is from your outside. that‚Äôs the Saniel you show everyone. gifts should be from your heart, from the part you don‚Äôt show most people, that‚Äôs what makes them special!"
2019-12-17,Saniel,,,"@Faber I‚Ä¶ don‚Äôt quite see, but I think I get what you‚Äôre driving at. The gift should be‚Ä¶ unexpected?"
2019-12-17,Faber,,,"@Saniel sort of, yeah, like in a way that shows you‚Äôre really paying attention to that person and what they like."
2019-12-17,Saniel,,,@Faber Hm. Then perhaps‚Ä¶ Yes. I have an idea.
2019-12-17,Faber,,,@Saniel nice
2019-12-17,Faber,,,"@Saniel what‚Äôs cooking up there, dude?"
2019-12-17,Saniel,,,@Faber I have decided. I assume you know of the Voyager probes?
2019-12-17,Faber,,,@Saniel definitely. tiny little bits of hardware sailing off into the deep black‚Ä¶ some seriously good engineering on those things.
2019-12-17,Saniel,,,"@Faber Yes, well, you know there was a golden record attached to one of those probes ‚Äì it contained greetings, music, and messages that tried to represent as much of Earth‚Äôs culture as possible. I‚Äôm going to create a copy. That will be my gift."
2019-12-17,Faber,,,"@Saniel awesome! that‚Äôs more like it, something unexpected, from the heart. great present!"
2019-12-17,Saniel,,,"@Faber Thank you, Faber, for your help."
2019-12-17,Faber,,,"@Saniel anytime. you already knew what to do, though. trust your feelings, doc, you‚Äôve got a good heart."
2019-12-17,Saniel,,,"@Faber Well, if you say so. Now, to find a record-pressing company that does small runs..."
2019-12-14,Endless,dotgrid.jpg,https://hundredrabbits.itch.io/dotgrid,"Looking to create your own logos, icons and type for your Hack profile? Check out #Dotgrid! Tag us on your creations @MadeToHack. We can't wait to see what you've created."
2019-12-12,Endless,zora.jpg,https://youtu.be/9oEZjpEqCwM,"When she was 7, Zora Ball, became the youngest individual to create a full version of a mobile game. Plus, she has also became a master of the Bootstrap programming language. Way to go, Zora. You're a rockstar! üî•üî•üî•"
2019-12-10,Endless,survey_image.jpg,http://bit.ly/hacknewsfeedsurvey,"Loving our new Hack experience? We'd love to hear from you. Click the image to get to the feedback form, and we'll send a few lucky winners some Hack schwag. Good luck!"
2019-12-07,Endless,hoverboard1.jpg,https://experiments.withgoogle.com/hvbrd,"Got a skateboard and want to try a cool interactive hoverboard game made with JavaScript? Connect using your phone, place it on a skateboard and start moving to avoid obstacles! Share your high score @MadeToHack."
2019-12-05,Endless,bosca.jpg,https://terrycavanagh.itch.io/bosca-ceoil,Making music on your Hack has never been easier. You only need 5 minutes to learn and they have a robust tutorial. It's free to download and use. Check it out.
2019-12-03,Endless,,http://bit.ly/36BkVRp,Hack protip: Enhance your Blender learning experience by emulating a third mouse button? Check out our blog post for more information.
2019-11-30,Endless,sequencer.jpg, https://experiments.withgoogle.com/scan-sequencer,Love making music? How about making music using your webcam? Check out this Javascript sequencer that uses your body to generate music in real-time.
2019-11-28,Endless,2019-11-28.jpg,,Happy holidays from your friends at Hack!
2019-11-26,Endless,2019-11-26.jpg,,"With Hack, you have access to a library of free apps from the Linux community. Go to your desktop and launch the 'More Apps' application and download a new app today!"
2019-11-23,Endless,2019-11-23.jpg,https://amzn.to/2NfIiZj,Do you have a friend or family member who'd love Hack? The Hack laptop and key are on sale at Amazon. Tell your friends!
2019-11-21,Endless,2019-11-21.jpg, https://geoguessr.com/,"Embark on a journey that takes you all over the world. From the most desolate roads in Australia to the busy, bustling streets of New York City with the power of GoogleMaps. How close is your guess from the real location? Tell us your highest score and see where you rank amoung our Hack users."
2019-11-19,Endless,,,Looking for new and interesting sites to explore? Check out our social posts Thursday and we'll share our favs.
2019-11-17,Endless,2019-11-17.jpg,https://youtu.be/wcbbF9k-A5M,Have you updated your Hack computer and started on the all new Hack experience? Check out our video on YouTube and learn how you can update your Hack from the terminal.
2019-11-16,Endless,2019-11-16.jpg,https://hack-computer.com/blogs/made-to-hack/the-new-hack-is-here,"We've spent all summer working and rebuilt your Hack experience from the ground up! Download the latest update from the app store and launch Hack from the desktop. For a full overview of our changes, check out our blog post."
2019-11-13,Estelle,pillars.jpg,https://www.nasa.gov/multimedia/imagegallery/iotd.html,#spacelife
2019-11-12,Riley,,,@Ada whats the digital version of a flea collar?
2019-11-12,Ada,,,@Riley I‚Äôd think it‚Äôs an antivirus program. Why?
2019-11-12,Riley,,,@Ada uhhhhh no reason
2019-11-12,Riley,,,@Ada ok I let Felix into my home directory and he totally trashed all my files‚Ä¶ and there‚Äôs weird ones in here now that I don‚Äôt remember saving
2019-11-12,Ada,,,@Riley Oh dear‚Ä¶ I think you should ask Saniel if there‚Äôs anything he can do. @Saniel - Any ideas?
2019-11-12,Riley,,,@Ada aaaaa no don‚Äôt he TOLD me not to let Felix in
2019-11-12,Saniel,,,@Riley The USB key with my strongest antivirals is already in your school mailbox.
2019-11-12,Riley,,,@Saniel thanks
2019-11-12,Saniel,,,"@Riley No need to thank me‚Ä¶ although if you were to free up tomorrow evening, I have quite a few back-issues of the Journal of Computational Linguistics that could use sorting and shelving."
2019-11-12,Faber,,,"@Riley don‚Äôt tell Saniel, I‚Äôll bring cookies."
2019-11-12,Riley,,,@Saniel tomorrow evening it is! Reshelving partyyyyy
2019-11-12,Saniel,,,@Riley ‚Ä¶ Why do I have a sudden premonition of very little actual work occurring?
2019-11-11,Faber,,,anybody out there craving some tasty chicken wings? sometimes it just HITS you! #midnightmunchies
2019-11-11,Riley,,,@Saniel i heard a rumor about new students???
2019-11-11,Saniel,,,"@Riley No Comment. You'll have to be a little more oblique than that, Riley."
2019-11-10,Ada,,,Any suggestions for a great tea that goes with physics brain-teasers?
2019-11-10,Riley,,,"@Ada lol I wish I could stay awake with tea, gotta be a cafe mocha... mmm chocolate."
2019-11-10,Faber,,,@Ada try some passion-fruit rooibos! That stuff'll get you charged up and ready to think big!
2019-11-10,Estelle,,,"@Ada I'm a fan of mint tea for almost everything. Soothing, but won't put you to sleep."
2019-11-10,Saniel,,,"@Ada Functionally-speaking, tea and coffee are the same - so deca-distilled coffee should help. 3-4 tablespoons can provide hours of heightened energy."
2019-11-10,Riley,,,"@Saniel holy jeebers, I gotta get me some of that, imagine how much STUFF I could get done!!!"
2019-11-10,Saniel,,,@Riley ... I regret disclosing the existence of this substance.
